Source;Target;Type;Id;Weight
1008;630;Undirected;2490;0.995
369;352;Undirected;444;0.991
1133;4;Undirected;1726;0.988762264
395;630;Undirected;731;0.985201117
801;1057;Undirected;1388;0.98
1024;1057;Undirected;1527;0.95
428;994;Undirected;2311;0.932545226
1012;553;Undirected;1685;0.931587353
348;616;Undirected;1802;0.92712589
801;1024;Undirected;995;0.92
395;335;Undirected;2307;0.915457419
1002;390;Undirected;981;0.907247398
840;852;Undirected;988;0.902208855
1135;175;Undirected;697;0.891641272
553;160;Undirected;142;0.888503537
369;900;Undirected;1013;0.881205461
402;285;Undirected;483;0.80329885
1133;844;Undirected;65;0.802181903
1002;1088;Undirected;2285;0.802049306
61;966;Undirected;1118;0.798918281
1054;913;Undirected;1709;0.798546319
630;705;Undirected;917;0.798479385
616;949;Undirected;1526;0.798005104
551;348;Undirected;1737;0.796025669
1008;395;Undirected;189;0.794230813
551;616;Undirected;1162;0.789487195
335;1006;Undirected;772;0.788970072
630;335;Undirected;366;0.785364192
320;818;Undirected;74;0.784752634
1088;390;Undirected;1234;0.781271112
402;148;Undirected;152;0.781094341
428;942;Undirected;205;0.77949328
386;160;Undirected;2237;0.778676153
336;1135;Undirected;2004;0.778131019
402;705;Undirected;1901;0.777004557
393;616;Undirected;1346;0.776265304
115;699;Undirected;2068;0.77310667
722;592;Undirected;1922;0.772370789
818;123;Undirected;405;0.771914138
392;928;Undirected;1728;0.769364086
393;348;Undirected;480;0.765797429
561;342;Undirected;2132;0.764361735
551;393;Undirected;2402;0.763339287
4;844;Undirected;2395;0.763074689
1012;160;Undirected;851;0.761891529
105;61;Undirected;2145;0.757841679
863;858;Undirected;429;0.756750604
172;1006;Undirected;160;0.75550044
508;160;Undirected;2183;0.753720422
733;852;Undirected;1905;0.752750829
1006;705;Undirected;2475;0.751877021
541;949;Undirected;1231;0.75035097
883;541;Undirected;2457;0.632040552
4;566;Undirected;887;0.631581632
970;949;Undirected;1485;0.630595739
286;237;Undirected;450;0.629631032
191;616;Undirected;715;0.629556417
482;160;Undirected;872;0.629419598
803;34;Undirected;583;0.628973708
1002;452;Undirected;2439;0.628649302
773;616;Undirected;651;0.628454052
367;518;Undirected;625;0.627618282
189;828;Undirected;1578;0.627547897
816;25;Undirected;1462;0.625550904
788;482;Undirected;1180;0.624935812
788;160;Undirected;1342;0.624724375
61;18;Undirected;1324;0.624083568
191;949;Undirected;2298;0.623721628
593;177;Undirected;1717;0.623698675
1107;177;Undirected;181;0.623261766
883;949;Undirected;318;0.622998221
913;402;Undirected;264;0.62198463
1012;940;Undirected;1356;0.621865291
783;1012;Undirected;1172;0.62180616
402;1006;Undirected;4;0.620728771
507;630;Undirected;237;0.620513118
1057;587;Undirected;2223;0.620072631
515;818;Undirected;508;0.619924249
591;390;Undirected;1493;0.619401837
1024;592;Undirected;1946;0.618558164
386;788;Undirected;803;0.618440211
656;445;Undirected;422;0.618319283
773;949;Undirected;2018;0.618118503
146;1006;Undirected;582;0.618031873
578;994;Undirected;1153;0.617478692
465;303;Undirected;2094;0.616575142
348;949;Undirected;645;0.61578323
257;61;Undirected;1483;0.615399259
34;1006;Undirected;20;0.615076828
940;160;Undirected;1373;0.614740577
329;213;Undirected;382;0.614455767
817;193;Undirected;810;0.614428707
268;789;Undirected;98;0.614153798
697;92;Undirected;821;0.614100642
1093;706;Undirected;2098;0.613886612
286;725;Undirected;439;0.612626718
189;548;Undirected;435;0.612467375
148;72;Undirected;1746;0.612286825
615;977;Undirected;826;0.612102485
548;828;Undirected;518;0.611898405
175;206;Undirected;1290;0.611593149
402;92;Undirected;2364;0.611032689
1135;673;Undirected;2366;0.610886739
840;733;Undirected;1273;0.610859573
722;957;Undirected;607;0.610824129
594;352;Undirected;1371;0.610823587
452;1088;Undirected;1760;0.610411128
335;694;Undirected;1052;0.610268325
320;123;Undirected;811;0.610246528
564;1014;Undirected;705;0.609846938
630;694;Undirected;1189;0.609769161
452;390;Undirected;238;0.609560568
352;174;Undirected;50;0.608278494
191;773;Undirected;1022;0.60823734
257;819;Undirected;1772;0.60680536
705;2;Undirected;2348;0.605778011
706;616;Undirected;721;0.605605664
320;780;Undirected;1210;0.60540595
233;706;Undirected;1674;0.604866295
698;25;Undirected;1137;0.604621539
855;369;Undirected;2390;0.604381634
940;553;Undirected;108;0.60390027
582;1037;Undirected;618;0.603180599
268;45;Undirected;171;0.601958841
722;286;Undirected;1374;0.601771875
428;578;Undirected;185;0.601768274
392;818;Undirected;1198;0.601345271
541;539;Undirected;1632;0.600115891
858;942;Undirected;1169;0.599964322
541;778;Undirected;1715;0.599640707
321;269;Undirected;1793;0.599222763
840;445;Undirected;1402;0.598644367
630;954;Undirected;436;0.598394408
949;966;Undirected;1938;0.598225776
1054;402;Undirected;501;0.597686755
191;348;Undirected;2239;0.597386729
1072;342;Undirected;1646;0.596606645
770;596;Undirected;688;0.596528476
706;949;Undirected;993;0.596090519
773;348;Undirected;999;0.59577926
290;392;Undirected;2470;0.595340307
285;697;Undirected;757;0.594966257
509;25;Undirected;2097;0.59388774
803;1006;Undirected;560;0.593605286
737;342;Undirected;2086;0.592971306
152;1112;Undirected;137;0.591541974
541;970;Undirected;596;0.59097686
564;942;Undirected;2242;0.590807639
377;45;Undirected;1490;0.590489281
238;213;Undirected;1448;0.590476468
1024;587;Undirected;1705;0.589727914
789;45;Undirected;806;0.589520114
369;467;Undirected;232;0.589083343
780;818;Undirected;471;0.588303685
777;824;Undirected;985;0.588192576
592;1057;Undirected;2173;0.588121484
352;467;Undirected;103;0.587682435
386;1012;Undirected;1164;0.587240101
594;855;Undirected;474;0.587035757
668;947;Undirected;421;0.587004112
287;377;Undirected;1770;0.586914104
539;949;Undirected;881;0.586543353
456;358;Undirected;2468;0.585868634
681;838;Undirected;1220;0.585606428
61;949;Undirected;1801;0.585152044
233;110;Undirected;1842;0.584957402
539;778;Undirected;2090;0.584029934
1008;335;Undirected;2219;0.583901612
840;705;Undirected;285;0.583080629
536;815;Undirected;1224;0.582402923
285;92;Undirected;2317;0.582191035
778;949;Undirected;1943;0.581870352
696;39;Undirected;246;0.58159368
386;482;Undirected;300;0.581517307
492;174;Undirected;1783;0.581164253
818;928;Undirected;83;0.581120273
290;928;Undirected;2277;0.580990593
1006;2;Undirected;1238;0.580738393
594;369;Undirected;2466;0.580646025
508;553;Undirected;1571;0.579587961
673;900;Undirected;1329;0.579265586
863;942;Undirected;51;0.579072391
1133;566;Undirected;1377;0.578378903
353;705;Undirected;663;0.577758622
850;342;Undirected;1603;0.57737812
900;625;Undirected;1192;0.574075113
722;680;Undirected;302;0.574010639
855;352;Undirected;1093;0.573841564
318;356;Undirected;2166;0.57317552
335;402;Undirected;2318;0.572958283
1082;61;Undirected;1498;0.572532681
148;285;Undirected;1558;0.572154809
318;1023;Undirected;236;0.572112558
115;395;Undirected;1913;0.331026722
456;705;Undirected;2059;0.331010689
319;824;Undirected;284;0.330921158
693;1116;Undirected;2083;0.330884857
569;213;Undirected;2488;0.330880489
634;1127;Undirected;2381;0.330842408
852;445;Undirected;600;0.330629328
541;282;Undirected;1084;0.330562465
1012;481;Undirected;1923;0.3305506
133;25;Undirected;1101;0.330379675
712;465;Undirected;2187;0.330364675
1135;406;Undirected;381;0.330363868
257;1082;Undirected;290;0.330326838
457;986;Undirected;151;0.330316814
258;160;Undirected;2504;0.330315599
659;231;Undirected;391;0.330267982
853;1089;Undirected;1688;0.330259874
173;61;Undirected;191;0.33018819
326;348;Undirected;2392;0.330164136
689;1044;Undirected;33;0.330162042
722;378;Undirected;1969;0.330129258
808;941;Undirected;130;0.330104612
726;283;Undirected;1453;0.330074466
98;1006;Undirected;1704;0.330070236
508;451;Undirected;1830;0.330024065
97;59;Undirected;788;0.330018618
355;1047;Undirected;2063;0.330009985
818;669;Undirected;55;0.329973238
966;1;Undirected;462;0.329897416
1098;747;Undirected;605;0.329884944
165;972;Undirected;411;0.329860139
62;844;Undirected;210;0.329859119
1042;25;Undirected;966;0.329792734
61;1020;Undirected;914;0.329717939
88;752;Undirected;57;0.329665279
67;744;Undirected;497;0.329581471
852;537;Undirected;374;0.329569619
883;1126;Undirected;1834;0.329544887
673;171;Undirected;1455;0.329511617
655;925;Undirected;2016;0.329503803
79;409;Undirected;1303;0.329487585
10;637;Undirected;2012;0.329455811
355;425;Undirected;2120;0.329403973
110;222;Undirected;2376;0.329305585
165;630;Undirected;2194;0.329213817
1008;636;Undirected;1516;0.329210936
718;368;Undirected;1687;0.329174078
1078;951;Undirected;775;0.329161463
990;63;Undirected;552;0.329141199
747;1024;Undirected;306;0.329019016
191;393;Undirected;132;0.328993686
1098;196;Undirected;2302;0.328971482
296;367;Undirected;563;0.328959708
744;576;Undirected;1019;0.328929513
237;203;Undirected;1865;0.32892624
1012;691;Undirected;1247;0.328911652
581;61;Undirected;1176;0.328891063
622;925;Undirected;1407;0.328858185
595;887;Undirected;1618;0.328660458
722;801;Undirected;2421;0.328657291
801;747;Undirected;1959;0.328625395
161;203;Undirected;572;0.328622027
216;534;Undirected;1954;0.328603322
1082;658;Undirected;527;0.328543257
778;270;Undirected;718;0.328508279
35;313;Undirected;961;0.328487216
417;1024;Undirected;1122;0.328464107
524;201;Undirected;754;0.328444829
482;939;Undirected;1364;0.328420448
1069;390;Undirected;200;0.32840819
35;219;Undirected;619;0.328381134
957;286;Undirected;2406;0.32835197
409;636;Undirected;159;0.328339044
576;463;Undirected;1436;0.328322721
335;674;Undirected;2246;0.328313301
801;510;Undirected;482;0.328211816
784;408;Undirected;514;0.328210306
595;860;Undirected;1789;0.328210205
564;832;Undirected;1115;0.328194778
539;277;Undirected;1881;0.328183547
631;1052;Undirected;1340;0.328129899
161;237;Undirected;2274;0.328109953
267;428;Undirected;461;0.328028782
630;146;Undirected;2258;0.328014858
1075;576;Undirected;897;0.327926458
1015;855;Undirected;1740;0.327907899
342;225;Undirected;1710;0.327876802
24;743;Undirected;1769;0.327784203
369;673;Undirected;814;0.3276909
308;258;Undirected;11;0.327682362
1008;115;Undirected;1246;0.327607378
360;47;Undirected;928;0.327450193
815;624;Undirected;2474;0.327431075
1094;320;Undirected;1883;0.327389091
294;342;Undirected;1195;0.327380876
453;1065;Undirected;1308;0.32736482
710;101;Undirected;458;0.327182568
809;445;Undirected;1276;0.327162714
465;1019;Undirected;2335;0.327158482
233;1093;Undirected;1190;0.327144624
339;170;Undirected;1081;0.327129298
197;1088;Undirected;53;0.327123954
840;335;Undirected;1292;0.327074848
101;806;Undirected;2408;0.32703564
1075;455;Undirected;1846;0.326968066
266;14;Undirected;975;0.326934427
734;1135;Undirected;709;0.326926096
119;428;Undirected;946;0.326904765
1116;908;Undirected;22;0.326886467
128;219;Undirected;2147;0.326852057
1131;954;Undirected;1576;0.32684194
858;302;Undirected;2135;0.326841317
588;485;Undirected;745;0.326804358
69;485;Undirected;2460;0.326799525
970;270;Undirected;48;0.326656037
970;778;Undirected;463;0.326598646
840;148;Undirected;926;0.326550187
963;42;Undirected;2463;0.326542558
508;1002;Undirected;679;0.326527292
924;395;Undirected;1417;0.326502571
348;509;Undirected;2081;0.326473117
165;1131;Undirected;118;0.326472943
539;324;Undirected;1204;0.32645757
148;358;Undirected;879;0.326445523
524;705;Undirected;1015;0.326379801
33;272;Undirected;2247;0.326258862
693;908;Undirected;350;0.326239702
402;977;Undirected;1563;0.326226588
79;940;Undirected;147;0.326216701
393;949;Undirected;1649;0.326202324
817;545;Undirected;1265;0.326118673
381;535;Undirected;977;0.326059887
42;258;Undirected;2204;0.32602736
123;445;Undirected;1330;0.326022912
1062;123;Undirected;2422;0.325995227
853;189;Undirected;1120;0.325952683
1098;111;Undirected;980;0.325897465
285;1020;Undirected;1275;0.325870737
721;61;Undirected;1479;0.32578906
538;174;Undirected;60;0.325754768
61;459;Undirected;690;0.325705318
342;381;Undirected;1079;0.325535783
630;824;Undirected;473;0.325529873
342;535;Undirected;2280;0.325513862
69;817;Undirected;345;0.325512367
891;61;Undirected;10;0.325509826
67;576;Undirected;1307;0.325475574
1127;30;Undirected;1983;0.325428938
22;939;Undirected;1217;0.325271537
508;368;Undirected;529;0.325247077
324;949;Undirected;40;0.32522349
374;957;Undirected;276;0.325196108
358;1048;Undirected;2304;0.32519199
9;311;Undirected;1879;0.325118731
592;587;Undirected;161;0.325076224
257;532;Undirected;2420;0.325001548
212;1030;Undirected;1733;0.324814162
1112;122;Undirected;1598;0.324778208
521;706;Undirected;29;0.324730417
296;518;Undirected;1405;0.324627318
782;266;Undirected;492;0.324580503
329;665;Undirected;1442;0.324489109
148;887;Undirected;431;0.324474615
1031;276;Undirected;351;0.324456482
674;285;Undirected;1754;0.324449371
393;326;Undirected;2445;0.324449099
977;271;Undirected;1221;0.324400192
15;706;Undirected;1233;0.324327862
838;994;Undirected;1970;0.324307546
239;273;Undirected;310;0.324305976
985;55;Undirected;1045;0.324287873
982;92;Undirected;2286;0.324233347
659;256;Undirected;1636;0.324182489
1121;442;Undirected;141;0.324178162
257;849;Undirected;1987;0.324086485
786;636;Undirected;1813;0.324057721
165;422;Undirected;622;0.323931131
196;1057;Undirected;711;0.323885258
474;161;Undirected;71;0.323839307
541;400;Undirected;62;0.323789922
630;699;Undirected;2499;0.323719917
1040;353;Undirected;2053;0.323686225
249;59;Undirected;2276;0.323648092
514;824;Undirected;1277;0.323644551
197;452;Undirected;1784;0.323612587
250;160;Undirected;2479;0.32347935
1006;517;Undirected;1886;0.323467771
367;751;Undirected;372;0.323404028
976;769;Undirected;1107;0.323396578
484;49;Undirected;1776;0.323379257
493;342;Undirected;1700;0.323364076
551;509;Undirected;1755;0.323337192
999;1034;Undirected;2089;0.323315001
952;25;Undirected;1078;0.323289866
818;1101;Undirected;2374;0.323272901
1036;596;Undirected;1835;0.32327218
355;1031;Undirected;692;0.323228077
551;949;Undirected;765;0.323158944
858;546;Undirected;2400;0.323151908
890;824;Undirected;2158;0.323144957
907;549;Undirected;337;0.323134724
907;251;Undirected;425;0.323046511
731;61;Undirected;38;0.323025334
1040;367;Undirected;271;0.322960153
733;996;Undirected;1365;0.322935492
386;134;Undirected;817;0.322933369
817;485;Undirected;510;0.32292957
721;489;Undirected;2278;0.322884846
1031;101;Undirected;1609;0.322860553
1031;59;Undirected;456;0.322829952
468;1069;Undirected;1552;0.322779022
233;521;Undirected;1227;0.322769147
853;879;Undirected;2403;0.322750937
741;428;Undirected;504;0.322732524
1133;62;Undirected;330;0.322717977
341;587;Undirected;1109;0.322629816
1135;1061;Undirected;1182;0.322629169
657;160;Undirected;2270;0.322615206
37;974;Undirected;1937;0.322610427
284;552;Undirected;2343;0.322583865
852;497;Undirected;149;0.322560361
246;19;Undirected;1165;0.322524249
591;213;Undirected;1167;0.322503021
563;566;Undirected;612;0.322406772
442;245;Undirected;1185;0.322375045
642;1054;Undirected;1749;0.322362702
1012;1123;Undirected;453;0.322361654
766;553;Undirected;1002;0.322295493
1135;36;Undirected;1596;0.322270308
642;402;Undirected;669;0.322264461
893;942;Undirected;713;0.322262574
1071;1019;Undirected;449;0.322245782
972;818;Undirected;1655;0.322216037
40;1067;Undirected;468;0.32218687
384;706;Undirected;506;0.322184434
482;657;Undirected;659;0.322144897
737;316;Undirected;415;0.322120113
342;879;Undirected;338;0.322102778
875;538;Undirected;432;0.322096669
130;1033;Undirected;1026;0.322076693
240;1101;Undirected;661;0.322041128
631;61;Undirected;1096;0.32203718
855;14;Undirected;2386;0.322000239
454;189;Undirected;423;0.321980414
615;64;Undirected;2002;0.321978778
1040;518;Undirected;1606;0.321961137
318;179;Undirected;591;0.321938331
293;1058;Undirected;499;0.321849122
687;575;Undirected;1321;0.321839825
497;878;Undirected;1284;0.321741114
369;401;Undirected;1128;0.321737371
952;460;Undirected;2146;0.321655215
515;123;Undirected;725;0.321532838
743;1114;Undirected;394;0.32153017
426;812;Undirected;116;0.321522069
1015;369;Undirected;786;0.321450977
696;26;Undirected;1808;0.321427611
119;267;Undirected;2501;0.321415396
740;28;Undirected;673;0.321396729
706;214;Undirected;1207;0.321324886
1054;955;Undirected;67;0.321286044
292;30;Undirected;742;0.321282887
613;294;Undirected;265;0.321281122
514;777;Undirected;1640;0.321211164
297;61;Undirected;433;0.321190643
784;545;Undirected;1318;0.321168759
581;106;Undirected;1731;0.32109846
695;2;Undirected;34;0.321089192
781;888;Undirected;859;0.321086001
981;1095;Undirected;1671;0.321084907
630;817;Undirected;1713;0.321074351
689;319;Undirected;1684;0.320990996
395;694;Undirected;785;0.320944873
160;795;Undirected;2107;0.32083686
644;1119;Undirected;1741;0.320833625
1098;1024;Undirected;1296;0.320794442
801;84;Undirected;418;0.320749314
524;2;Undirected;2011;0.32072507
216;139;Undirected;1610;0.320717596
551;191;Undirected;1092;0.320715854
158;722;Undirected;1854;0.320712648
34;366;Undirected;1459;0.320711943
402;697;Undirected;665;0.320711248
474;237;Undirected;2328;0.320670284
1079;825;Undirected;17;0.320665457
637;177;Undirected;2287;0.320646326
318;971;Undirected;1414;0.320623767
132;462;Undirected;1313;0.320605164
24;160;Undirected;86;0.320594233
731;503;Undirected;841;0.320590394
838;25;Undirected;419;0.320587432
605;101;Undirected;2215;0.320585567
1023;971;Undirected;1532;0.320579453
1083;315;Undirected;1097;0.320569292
1090;301;Undirected;874;0.320555038
255;670;Undirected;21;0.320511641
518;751;Undirected;1584;0.320509772
1135;494;Undirected;1031;0.320491365
778;431;Undirected;882;0.320482837
859;100;Undirected;2055;0.320465556
400;778;Undirected;253;0.320412712
747;196;Undirected;2435;0.320214934
687;4;Undirected;597;0.320187235
574;717;Undirected;88;0.32017881
456;1048;Undirected;653;0.320138896
237;1067;Undirected;2471;0.320093533
1031;536;Undirected;383;0.320053644
654;949;Undirected;1304;0.320043799
863;239;Undirected;412;0.320035045
569;390;Undirected;2293;0.320021584
515;571;Undirected;2427;0.31999126
1008;699;Undirected;751;0.319968991
830;817;Undirected;1226;0.319953005
66;949;Undirected;1410;0.319834894
954;462;Undirected;1887;0.319777883
541;270;Undirected;2198;0.319763545
321;597;Undirected;1125;0.319504135
97;276;Undirected;561;0.319481709
1037;637;Undirected;818;0.319477394
456;402;Undirected;1441;0.319465743
4;974;Undirected;2362;0.319448005
468;255;Undirected;538;0.319387137
455;503;Undirected;1285;0.319372709
593;941;Undirected;1587;0.319370773
172;45;Undirected;1157;0.319332945
766;481;Undirected;2327;0.319299359
287;1071;Undirected;1675;0.319297104
809;656;Undirected;2121;0.319241751
508;718;Undirected;344;0.319137977
850;120;Undirected;235;0.319078195
393;301;Undirected;783;0.319047148
674;148;Undirected;1474;0.319041354
681;578;Undirected;1921;0.318999502
1065;1095;Undirected;564;0.318942635
326;616;Undirected;1090;0.318934552
384;654;Undirected;534;0.318924981
199;706;Undirected;114;0.318801606
771;502;Undirected;220;0.318797865
947;57;Undirected;888;0.318779232
1014;759;Undirected;674;0.318742171
783;368;Undirected;555;0.318720528
508;258;Undirected;122;0.318688384
1093;199;Undirected;369;0.318687568
1024;341;Undirected;1902;0.318684278
508;783;Undirected;1077;0.318621072
282;949;Undirected;416;0.318574642
249;97;Undirected;1680;0.318572419
430;26;Undirected;2334;0.318540304
89;55;Undirected;528;0.318496933
428;815;Undirected;1400;0.31844574
1082;360;Undirected;1328;0.318294477
691;640;Undirected;1014;0.318287799
1082;151;Undirected;937;0.318245764
1002;288;Undirected;1614;0.318245469
767;640;Undirected;2312;0.318238408
824;139;Undirected;587;0.318184031
265;743;Undirected;2241;0.318183425
718;160;Undirected;360;0.318180064
980;977;Undirected;230;0.318133869
622;541;Undirected;1666;0.318081256
1040;982;Undirected;845;0.318036604
1061;174;Undirected;13;0.317952617
545;485;Undirected;1777;0.317934184
100;805;Undirected;1542;0.317919789
1046;273;Undirected;892;0.317916077
250;386;Undirected;1774;0.317731233
279;308;Undirected;1773;0.317665621
781;928;Undirected;520;0.317613125
859;237;Undirected;69;0.317592123
35;629;Undirected;2136;0.317501369
172;330;Undirected;545;0.317479915
822;949;Undirected;1476;0.317459318
541;715;Undirected;2363;0.317453877
957;214;Undirected;744;0.317453685
1109;994;Undirected;2;0.317414817
34;1058;Undirected;115;0.317406073
69;545;Undirected;428;0.317387088
852;263;Undirected;2333;0.317381075
316;1088;Undirected;1036;0.317364719
695;1006;Undirected;426;0.317313053
384;949;Undirected;1337;0.317291612
822;970;Undirected;158;0.317241561
518;1112;Undirected;251;0.317198343
383;813;Undirected;2001;0.317125106
1049;844;Undirected;594;0.317119342
466;451;Undirected;1333;0.317106356
202;401;Undirected;512;0.31702809
852;757;Undirected;2148;0.31691476
1110;850;Undirected;91;0.316907865
319;797;Undirected;1331;0.316905722
341;1057;Undirected;2416;0.316898466
18;459;Undirected;301;0.316873067
57;133;Undirected;484;0.316810592
1007;134;Undirected;2138;0.316733708
803;172;Undirected;734;0.316716999
913;944;Undirected;779;0.316677217
417;335;Undirected;1977;0.316620762
676;671;Undirected;2502;0.316614707
859;1067;Undirected;2323;0.316575144
873;630;Undirected;2007;0.316543453
1023;763;Undirected;19;0.316537658
914;949;Undirected;121;0.31651453
689;777;Undirected;1510;0.316509278
869;824;Undirected;1421;0.316497954
698;509;Undirected;1341;0.316475714
670;192;Undirected;769;0.316470199
199;1038;Undirected;1588;0.316462556
111;341;Undirected;1501;0.316373142
600;411;Undirected;920;0.316360662
1126;655;Undirected;2000;0.316251317
990;395;Undirected;1515;0.316195162
40;859;Undirected;1298;0.316169923
1107;161;Undirected;438;0.31613454
319;869;Undirected;815;0.316096663
1110;32;Undirected;1477;0.316082099
615;617;Undirected;434;0.316069923
982;705;Undirected;2368;0.316040472
377;1019;Undirected;1024;0.316036662
747;111;Undirected;470;0.315907304
474;885;Undirected;834;0.31588969
290;818;Undirected;1820;0.315848065
217;592;Undirected;1116;0.315832489
1124;308;Undirected;595;0.315720701
474;611;Undirected;72;0.315712025
288;569;Undirected;155;0.315700973
404;257;Undirected;764;0.315628006
330;1006;Undirected;2257;0.315593394
507;1006;Undirected;2476;0.315427972
1061;673;Undirected;867;0.315383765
783;394;Undirected;5;0.315298461
324;431;Undirected;1658;0.315242559
453;1095;Undirected;269;0.315240106
261;525;Undirected;6;0.315214438
30;225;Undirected;829;0.315191712
541;959;Undirected;1939;0.315156134
869;1044;Undirected;1193;0.314982591
640;314;Undirected;670;0.314959138
1012;314;Undirected;1935;0.314955225
1002;258;Undirected;1812;0.314805842
24;1012;Undirected;642;0.314715978
918;804;Undirected;498;0.314629483
605;710;Undirected;157;0.31460714
400;949;Undirected;488;0.314603691
489;61;Undirected;906;0.314595756
515;669;Undirected;1267;0.314545162
152;518;Undirected;1256;0.314472267
594;782;Undirected;1244;0.314456101
1002;316;Undirected;194;0.314417263
542;553;Undirected;1334;0.314400726
1022;283;Undirected;490;0.314395749
542;160;Undirected;52;0.314359285
436;900;Undirected;1232;0.314352398
970;431;Undirected;1235;0.314322326
1008;817;Undirected;2039;0.314308884
668;360;Undirected;908;0.314187417
318;133;Undirected;1338;0.31413242
1093;949;Undirected;822;0.314105514
24;553;Undirected;1738;0.314032042
436;540;Undirected;752;0.313989894
616;214;Undirected;533;0.313978283
402;2;Undirected;1248;0.31395638
689;869;Undirected;1800;0.313909453
1000;526;Undirected;1139;0.31388031
34;1043;Undirected;2254;0.3138334
1000;844;Undirected;47;0.313823034
1008;873;Undirected;2178;0.31372108
237;177;Undirected;1327;0.313720759
318;820;Undirected;1268;0.313719615
183;858;Undirected;1821;0.313687516
1082;47;Undirected;326;0.313666487
261;165;Undirected;1748;0.313635092
643;342;Undirected;1055;0.313620337
393;1090;Undirected;2026;0.313596909
183;863;Undirected;685;0.313593624
861;1070;Undirected;2200;0.313554137
1089;879;Undirected;2415;0.313542736
571;669;Undirected;1352;0.313532077
288;487;Undirected;440;0.313460486
456;911;Undirected;696;0.313428895
191;301;Undirected;1279;0.313387412
417;630;Undirected;61;0.313382491
1107;237;Undirected;1582;0.313324634
117;189;Undirected;2275;0.313311704
167;401;Undirected;565;0.313199814
718;553;Undirected;2105;0.313197387
15;214;Undirected;1752;0.313147784
949;214;Undirected;1761;0.313114834
883;822;Undirected;1889;0.31306919
430;39;Undirected;1652;0.31305106
783;901;Undirected;732;0.313041334
1012;1114;Undirected;1518;0.313016347
569;238;Undirected;107;0.313006354
454;828;Undirected;459;0.312968451
924;1024;Undirected;1803;0.312966948
630;132;Undirected;1893;0.312947805
468;670;Undirected;2172;0.312917368
851;926;Undirected;1430;0.312899694
386;1007;Undirected;2156;0.312841513
835;815;Undirected;2503;0.312831203
34;172;Undirected;1391;0.312786193
24;1114;Undirected;1851;0.312774997
616;301;Undirected;1653;0.312739578
737;1072;Undirected;636;0.312635822
722;244;Undirected;1523;0.312624875
288;213;Undirected;1647;0.312513825
1008;637;Undirected;346;0.312472616
924;630;Undirected;54;0.31246965
129;503;Undirected;2070;0.312445411
782;369;Undirected;852;0.312406439
722;166;Undirected;1949;0.312342905
563;4;Undirected;201;0.312302572
318;763;Undirected;1358;0.312256114
463;150;Undirected;1797;0.312234508
428;407;Undirected;539;0.312222227
34;705;Undirected;593;0.31217174
455;281;Undirected;643;0.312152245
696;171;Undirected;1908;0.312140897
308;1030;Undirected;1648;0.312135292
918;254;Undirected;1863;0.312071248
420;1135;Undirected;1486;0.312018835
352;14;Undirected;1451;0.311989609
913;777;Undirected;1040;0.311872545
117;853;Undirected;398;0.311777562
384;1079;Undirected;2382;0.311748949
549;979;Undirected;1443;0.311719612
778;619;Undirected;1988;0.311717369
913;559;Undirected;1888;0.311645751
852;572;Undirected;1395;0.31161969
257;845;Undirected;526;0.311557682
383;738;Undirected;983;0.311542697
1006;502;Undirected;2235;0.311528674
1054;489;Undirected;1347;0.311495992
668;658;Undirected;1506;0.311490601
782;352;Undirected;1866;0.311410774
710;806;Undirected;1681;0.311403556
343;428;Undirected;1849;0.311397897
335;705;Undirected;2393;0.311054512
705;263;Undirected;800;0.310960028
549;251;Undirected;604;0.310950669
668;47;Undirected;2429;0.310933167
767;1012;Undirected;1878;0.310886263
1055;653;Undirected;9;0.310810212
594;14;Undirected;853;0.310790019
859;1034;Undirected;901;0.310774202
622;949;Undirected;282;0.310772433
1135;939;Undirected;1042;0.310757401
855;266;Undirected;2284;0.310707227
634;292;Undirected;1099;0.310671493
199;928;Undirected;1173;0.310514508
1084;124;Undirected;2291;0.310433956
66;214;Undirected;959;0.310401903
244;653;Undirected;632;0.310360928
722;653;Undirected;208;0.310322288
611;1107;Undirected;964;0.310321324
428;194;Undirected;1433;0.310316816
838;578;Undirected;689;0.310208232
67;150;Undirected;2079;0.310156454
700;630;Undirected;2212;0.310154587
583;900;Undirected;1509;0.31015412
84;770;Undirected;1282;0.310071395
914;966;Undirected;667;0.310055679
668;262;Undirected;2493;0.310055359
582;927;Undirected;1960;0.309973573
1098;801;Undirected;1600;0.309924647
280;406;Undirected;1838;0.309862804
611;203;Undirected;268;0.309818248
502;235;Undirected;35;0.309796428
321;211;Undirected;134;0.309684479
508;1012;Undirected;1716;0.309616218
1012;134;Undirected;647;0.309601076
744;131;Undirected;1454;0.309554292
801;341;Undirected;144;0.309446194
876;342;Undirected;1891;0.309440867
15;616;Undirected;1564;0.309422215
321;783;Undirected;675;0.309386815
15;66;Undirected;2481;0.309360577
737;390;Undirected;1041;0.309324361
679;1133;Undirected;2140;0.309323652
272;769;Undirected;708;0.30932152
211;590;Undirected;1500;0.309262908
1031;407;Undirected;1804;0.309241097
822;541;Undirected;1670;0.309156084
1006;424;Undirected;179;0.309146437
996;458;Undirected;2271;0.309136357
40;364;Undirected;2249;0.309017528
212;503;Undirected;112;0.308987736
425;170;Undirected;2088;0.308924161
193;439;Undirected;1822;0.308855361
673;174;Undirected;2253;0.308839721
24;940;Undirected;2060;0.308837089
4;37;Undirected;1058;0.308760183
503;124;Undirected;1617;0.308750172
979;143;Undirected;801;0.308688739
279;42;Undirected;2324;0.308668829
816;698;Undirected;707;0.308644239
611;177;Undirected;1488;0.308638694
982;353;Undirected;464;0.308608611
165;335;Undirected;427;0.308595879
342;868;Undirected;684;0.308405332
861;356;Undirected;2217;0.308386871
778;324;Undirected;368;0.308384783
858;647;Undirected;258;0.308357143
1094;818;Undirected;1613;0.308322229
825;654;Undirected;2425;0.308267516
817;588;Undirected;1150;0.308255996
237;364;Undirected;174;0.308250676
600;1010;Undirected;950;0.308189798
237;885;Undirected;578;0.308162311
354;1006;Undirected;567;0.308065617
509;616;Undirected;919;0.30806364
840;977;Undirected;832;0.308051914
1135;694;Undirected;886;0.308029624
1098;341;Undirected;1294;0.308028585
392;781;Undirected;365;0.30800608
35;151;Undirected;2321;0.307970327
287;1019;Undirected;367;0.307818008
286;177;Undirected;56;0.307817168
343;994;Undirected;691;0.30781599
1110;120;Undirected;226;0.307763583
189;162;Undirected;1039;0.307744999
233;649;Undirected;640;0.307703146
979;251;Undirected;1142;0.307694386
777;997;Undirected;227;0.307591719
883;715;Undirected;2240;0.307584842
288;390;Undirected;1996;0.307552262
918;149;Undirected;1787;0.307443759
840;402;Undirected;30;0.307443294
920;616;Undirected;2263;0.307391632
808;177;Undirected;2119;0.307377909
212;795;Undirected;550;0.307350416
394;901;Undirected;1519;0.30718292
658;47;Undirected;1420;0.307171498
286;593;Undirected;1336;0.307140105
129;1030;Undirected;1467;0.30710847
1135;280;Undirected;830;0.307009091
420;36;Undirected;1239;0.30700138
542;309;Undirected;2230;0.306969289
352;266;Undirected;1419;0.306963795
1006;433;Undirected;2045;0.306882269
658;360;Undirected;735;0.306864331
165;395;Undirected;1372;0.306765021
7;61;Undirected;2232;0.306736977
1126;541;Undirected;1577;0.306706622
321;590;Undirected;380;0.306666589
158;286;Undirected;524;0.306618773
602;383;Undirected;261;0.306588968
1;1095;Undirected;1385;0.30657156
148;705;Undirected;677;0.306524636
733;497;Undirected;1870;0.306510228
329;238;Undirected;812;0.306476557
574;120;Undirected;1545;0.306466979
607;255;Undirected;100;0.306336027
10;582;Undirected;2151;0.306242081
541;619;Undirected;2049;0.306222875
1123;901;Undirected;1916;0.306198764
722;678;Undirected;217;0.306153006
572;878;Undirected;1651;0.306147011
420;491;Undirected;698;0.306069443
1;186;Undirected;294;0.305879454
582;958;Undirected;1309;0.3058735
1031;58;Undirected;1839;0.305860298
780;123;Undirected;835;0.305855949
25;460;Undirected;168;0.30580917
600;776;Undirected;2434;0.305733784
659;966;Undirected;77;0.305656499
1054;944;Undirected;2350;0.305654201
835;624;Undirected;2244;0.305636578
741;555;Undirected;1254;0.305546364
321;846;Undirected;2279;0.305505169
771;235;Undirected;1413;0.305478187
876;868;Undirected;1877;0.305471804
541;655;Undirected;281;0.305453845
757;996;Undirected;2251;0.305450625
303;1019;Undirected;940;0.305450227
863;273;Undirected;143;0.305305655
583;625;Undirected;178;0.305282392
722;1024;Undirected;756;0.305251018
576;150;Undirected;1070;0.305194701
1040;296;Undirected;2494;0.305186241
674;977;Undirected;166;0.30515684
249;276;Undirected;877;0.305092144
170;1047;Undirected;1948;0.30507256
453;253;Undirected;457;0.305001498
851;89;Undirected;1815;0.304988403
172;252;Undirected;2401;0.304957024
378;214;Undirected;204;0.304857796
681;25;Undirected;1404;0.304851853
203;177;Undirected;1683;0.304737135
1135;978;Undirected;1049;0.304736876
579;226;Undirected;1744;0.304711064
886;891;Undirected;523;0.304693156
161;885;Undirected;911;0.304653904
195;303;Undirected;182;0.304643516
505;61;Undirected;1415;0.304631832
820;1023;Undirected;1054;0.304631779
474;203;Undirected;343;0.304582947
1135;900;Undirected;1548;0.304536522
335;73;Undirected;1758;0.304482164
415;1133;Undirected;1170;0.304454285
631;310;Undirected;1;0.304428341
1069;255;Undirected;873;0.304426987
876;144;Undirected;2345;0.304350743
164;152;Undirected;2123;0.304322319
956;818;Undirected;939;0.304320517
917;428;Undirected;2294;0.304223974
342;254;Undirected;233;0.304220182
756;861;Undirected;634;0.304178936
288;1088;Undirected;1623;0.304072649
329;315;Undirected;1178;0.304053901
563;1133;Undirected;2078;0.304009603
390;213;Undirected;2008;0.303938287
33;146;Undirected;522;0.303848293
885;177;Undirected;2191;0.303809465
788;657;Undirected;1972;0.303797898
981;579;Undirected;354;0.303788732
722;1057;Undirected;1844;0.303768826
197;390;Undirected;626;0.303717203
186;1095;Undirected;384;0.30371685
1012;482;Undirected;332;0.303615723
730;521;Undirected;571;0.303612057
258;553;Undirected;352;0.303589434
260;1034;Undirected;1422;0.303569887
1062;445;Undirected;1145;0.303560492
1085;536;Undirected;1487;0.303558586
320;956;Undirected;1245;0.303546472
731;195;Undirected;962;0.303385487
504;879;Undirected;2111;0.303376418
1083;329;Undirected;1300;0.303282413
233;818;Undirected;1933;0.303243553
1135;22;Undirected;1144;0.303158232
789;764;Undirected;2152;0.303154292
651;966;Undirected;777;0.303152822
536;428;Undirected;727;0.30308294
1061;939;Undirected;2369;0.303055411
737;1088;Undirected;1599;0.302882485
1002;569;Undirected;1378;0.302870705
864;806;Undirected;2456;0.302782246
1024;866;Undirected;2056;0.302755519
630;1131;Undirected;252;0.302753482
66;706;Undirected;2440;0.302695755
390;192;Undirected;475;0.302693885
889;177;Undirected;942;0.302657354
1110;574;Undirected;2206;0.302638087
715;949;Undirected;699;0.302590696
32;120;Undirected;1998;0.302540752
679;844;Undirected;2351;0.302495506
242;45;Undirected;511;0.302472343
321;833;Undirected;1591;0.302446572
570;1058;Undirected;1718;0.302376176
963;279;Undirected;397;0.302327326
913;793;Undirected;442;0.30230933
342;120;Undirected;1798;0.302256717
588;545;Undirected;2371;0.302244585
982;697;Undirected;1091;0.302235062
994;407;Undirected;1006;0.302214214
1006;1033;Undirected;2195;0.302199363
808;312;Undirected;1301;0.302197904
348;1090;Undirected;1995;0.30217652
255;192;Undirected;644;0.302123106
838;133;Undirected;1607;0.302109728
7;489;Undirected;169;0.302077691
834;616;Undirected;441;0.302049375
404;845;Undirected;1929;0.30194347
1012;309;Undirected;2292;0.301892038
1084;311;Undirected;1034;0.301742479
474;177;Undirected;1858;0.301728487
561;762;Undirected;2106;0.301681487
242;377;Undirected;1918;0.301678526
1012;1007;Undirected;1270;0.301670445
1002;553;Undirected;126;0.301655179
940;309;Undirected;574;0.301652851
105;19;Undirected;958;0.301635779
960;976;Undirected;741;0.30147682
164;1049;Undirected;2233;0.301395532
921;177;Undirected;176;0.301309756
466;160;Undirected;298;0.301300833
22;174;Undirected;1369;0.301273937
260;859;Undirected;1262;0.301237718
428;628;Undirected;2354;0.301171103
801;866;Undirected;1216;0.301134872
1030;160;Undirected;1463;0.301040256
345;856;Undirected;1088;0.300915889
162;1089;Undirected;1505;0.300862962
551;259;Undirected;487;0.300820368
883;970;Undirected;173;0.300816873
681;133;Undirected;1004;0.300804681
134;160;Undirected;824;0.300799191
172;789;Undirected;956;0.300789495
162;61;Undirected;1069;0.300759604
87;226;Undirected;1932;0.300723847
782;14;Undirected;1975;0.300687989
317;286;Undirected;1317;0.300652715
342;144;Undirected;2449;0.300639527
695;705;Undirected;2431;0.300626669
539;619;Undirected;135;0.300624865
540;900;Undirected;1363;0.300592189
1121;342;Undirected;599;0.30058563
850;643;Undirected;2289;0.300575577
706;43;Undirected;1967;0.300570339
321;761;Undirected;124;0.300550527
491;1135;Undirected;868;0.300531105
593;312;Undirected;566;0.300493262
61;106;Undirected;2375;0.300433856
88;949;Undirected;701;0.300398857
767;691;Undirected;839;0.300387189
835;536;Undirected;485;0.300382451
355;170;Undirected;802;0.300223055
61;857;Undirected;1444;0.300138184
257;307;Undirected;1698;0.300106835
277;778;Undirected;1354;0.300049304
454;548;Undirected;743;0.300016648
384;43;Undirected;272;0.300007871
859;805;Undirected;84;0.299981519
149;804;Undirected;1732;0.29994024
931;706;Undirected;1065;0.299921286
9;124;Undirected;2231;0.299912229
1136;535;Undirected;2361;0.299881173
417;924;Undirected;1786;0.299860484
864;710;Undirected;2017;0.299824782
417;801;Undirected;1060;0.299809698
864;101;Undirected;925;0.299796404
66;920;Undirected;1568;0.299754505
1136;381;Undirected;1667;0.29975163
425;1047;Undirected;793;0.299744702
1052;310;Undirected;808;0.299710446
783;553;Undirected;1837;0.299665681
670;390;Undirected;2112;0.299662967
350;1057;Undirected;1452;0.299589053
429;783;Undirected;1573;0.299562758
342;717;Undirected;790;0.299536205
173;849;Undirected;305;0.299518161
642;913;Undirected;1470;0.299474263
642;489;Undirected;2124;0.299410921
734;639;Undirected;1895;0.299363583
49;670;Undirected;2359;0.299331554
34;353;Undirected;224;0.29932756
84;382;Undirected;1897;0.298977976
465;935;Undirected;592;0.298961598
202;167;Undirected;267;0.298903466
783;1123;Undirected;782;0.298895204
543;87;Undirected;2480;0.298619996
947;262;Undirected;1805;0.298561693
167;369;Undirected;720;0.298554581
966;186;Undirected;2143;0.298550799
430;696;Undirected;1917;0.298538488
345;377;Undirected;2482;0.29850186
342;985;Undirected;97;0.298497604
105;246;Undirected;270;0.298414322
61;151;Undirected;1085;0.298398215
1008;789;Undirected;1293;0.298393946
722;180;Undirected;1993;0.298383199
165;818;Undirected;2377;0.298354643
654;43;Undirected;828;0.298338843
353;1043;Undirected;37;0.298333759
650;92;Undirected;1971;0.298315941
949;43;Undirected;2032;0.298305516
737;1119;Undirected;353;0.298281663
731;465;Undirected;481;0.298256222
1012;718;Undirected;162;0.298244618
979;818;Undirected;2225;0.298212726
39;26;Undirected;1930;0.298194673
877;351;Undirected;891;0.298179713
773;706;Undirected;1925;0.298157597
715;282;Undirected;629;0.298143474
982;557;Undirected;117;0.298141958
4;575;Undirected;390;0.298083045
1079;949;Undirected;2282;0.298070529
947;653;Undirected;420;0.298050038
250;1012;Undirected;82;0.298027349
883;655;Undirected;1471;0.298011542
503;795;Undirected;666;0.297956842
211;344;Undirected;2196;0.297948258
212;129;Undirected;505;0.297867699
493;561;Undirected;719;0.297857046
913;489;Undirected;1427;0.297831266
515;143;Undirected;2430;0.297825443
507;676;Undirected;916;0.297771674
1044;797;Undirected;2437;0.297749495
88;146;Undirected;1123;0.297712494
1012;368;Undirected;2424;0.297687507
579;1095;Undirected;1183;0.297645077
543;1095;Undirected;41;0.297640835
631;91;Undirected;1976;0.297618731
981;226;Undirected;2259;0.297618529
344;590;Undirected;1686;0.297579563
564;880;Undirected;554;0.297546961
553;368;Undirected;682;0.297535052
611;161;Undirected;2441;0.297487932
1030;795;Undirected;1148;0.297464657
607;390;Undirected;748;0.297446035
415;4;Undirected;1025;0.297417539
117;879;Undirected;2487;0.297395716
1008;409;Undirected;1566;0.297389299
1008;940;Undirected;364;0.297386599
790;1006;Undirected;133;0.297277659
1107;921;Undirected;590;0.29716572
1006;366;Undirected;1057;0.29714229
1133;974;Undirected;1126;0.297126608
677;390;Undirected;1261;0.297090206
847;377;Undirected;702;0.297082252
270;431;Undirected;1572;0.29705876
711;152;Undirected;1082;0.297054195
152;122;Undirected;1489;0.296996743
521;912;Undirected;404;0.296953654
544;863;Undirected;2087;0.296947551
68;818;Undirected;1958;0.296920314
1133;575;Undirected;1251;0.296859125
98;335;Undirected;2149;0.296836665
877;1033;Undirected;408;0.296769343
68;928;Undirected;1660;0.296737442
508;466;Undirected;93;0.296730277
1012;901;Undirected;2380;0.296706167
111;587;Undirected;820;0.296674797
957;426;Undirected;610;0.296601457
321;344;Undirected;957;0.296531266
861;435;Undirected;1691;0.2965284
319;777;Undirected;2159;0.296478045
105;581;Undirected;2370;0.296475437
129;795;Undirected;379;0.296438096
722;836;Undirected;1914;0.296411187
834;259;Undirected;2338;0.296410346
1012;394;Undirected;1899;0.296391364
940;1114;Undirected;1398;0.29639062
1024;335;Undirected;948;0.296331479
695;402;Undirected;240;0.296251891
1135;561;Undirected;388;0.29617646
1002;197;Undirected;641;0.296129079
540;369;Undirected;1104;0.296128316
372;509;Undirected;1657;0.296020389
372;25;Undirected;472;0.29601955
1044;777;Undirected;952;0.295987837
963;308;Undirected;844;0.295948014
377;1078;Undirected;1068;0.295883399
468;192;Undirected;1399;0.295883252
986;407;Undirected;729;0.29575088
382;770;Undirected;878;0.295661557
913;955;Undirected;1289;0.295542118
289;1112;Undirected;177;0.295536372
411;776;Undirected;3;0.295511061
284;599;Undirected;1884;0.295493883
377;951;Undirected;2144;0.295493547
428;555;Undirected;234;0.295475467
89;926;Undirected;1612;0.295467799
387;1006;Undirected;2177;0.295455998
539;270;Undirected;2451;0.295423736
1107;885;Undirected;46;0.295416505
199;392;Undirected;654;0.295380691
819;307;Undirected;153;0.295349102
553;743;Undirected;2301;0.295330433
940;743;Undirected;1745;0.295299826
1126;925;Undirected;2109;0.29526264
958;927;Undirected;1730;0.295237693
641;1116;Undirected;2234;0.295231272
860;148;Undirected;2384;0.29520082
1006;671;Undirected;187;0.295119308
166;592;Undirected;1450;0.295104816
890;797;Undirected;1111;0.295096004
1038;949;Undirected;1418;0.29500464
507;1008;Undirected;2154;0.294950155
630;377;Undirected;2029;0.29487225
404;726;Undirected;465;0.294854828
212;160;Undirected;1589;0.294850579
97;1031;Undirected;1620;0.29471067
335;285;Undirected;289;0.294698707
737;908;Undirected;1482;0.294682274
844;37;Undirected;2082;0.294609808
368;160;Undirected;1312;0.294536229
79;786;Undirected;23;0.294525753
822;715;Undirected;1141;0.294515286
358;911;Undirected;2266;0.294512786
1046;239;Undirected;1102;0.294502064
914;61;Undirected;2255;0.294494489
393;509;Undirected;639;0.294468292
981;87;Undirected;2410;0.294459836
15;949;Undirected;548;0.294409366
801;382;Undirected;1212;0.294252646
1127;225;Undirected;1751;0.294226168
1076;777;Undirected;2264;0.294224191
1135;639;Undirected;1177;0.294173818
358;264;Undirected;1103;0.294138217
212;308;Undirected;445;0.294046595
402;674;Undirected;823;0.294033399
115;630;Undirected;1299;0.293977089
890;869;Undirected;2316;0.293933072
770;1036;Undirected;314;0.293922773
1006;547;Undirected;2058;0.293911826
859;364;Undirected;1243;0.293853796
673;939;Undirected;2054;0.293827962
492;325;Undirected;156;0.293783495
172;268;Undirected;198;0.293650493
756;356;Undirected;1020;0.29356027
559;955;Undirected;1037;0.293497704
801;587;Undirected;1291;0.293418527
920;949;Undirected;247;0.293366615
189;879;Undirected;106;0.29334835
1093;649;Undirected;1075;0.29327795
607;468;Undirected;244;0.293262267
261;41;Undirected;1038;0.293262151
1135;174;Undirected;1747;0.293260772
595;148;Undirected;1979;0.293169762
354;433;Undirected;1635;0.293107941
1006;130;Undirected;1005;0.293104897
852;306;Undirected;716;0.293047663
957;812;Undirected;1762;0.293004479
557;697;Undirected;2455;0.292975774
201;1006;Undirected;275;0.292970217
351;1033;Undirected;385;0.292904963
801;592;Undirected;683;0.292852042
689;797;Undirected;437;0.292839585
456;148;Undirected;2341;0.292802869
777;1128;Undirected;2104;0.292737782
484;213;Undirected;1335;0.292659722
268;764;Undirected;1534;0.292590616
175;673;Undirected;1468;0.292380245
308;42;Undirected;1271;0.292370414
1085;407;Undirected;1063;0.292298453
392;888;Undirected;1570;0.292273118
364;1067;Undirected;1181;0.292265093
369;625;Undirected;2201;0.292244381
265;160;Undirected;214;0.292221399
46;908;Undirected;1431;0.292101772
507;88;Undirected;2163;0.292058101
551;301;Undirected;638;0.292007016
148;911;Undirected;2478;0.291985697
559;944;Undirected;723;0.291865672
1082;966;Undirected;486;0.291837364
417;1006;Undirected;293;0.291667926
1133;687;Undirected;1861;0.291613901
524;1006;Undirected;1920;0.291540035
356;133;Undirected;42;0.291531014
342;72;Undirected;2297;0.291527019
146;1033;Undirected;1543;0.291509122
1012;640;Undirected;259;0.291471523
706;654;Undirected;1151;0.291439049
649;818;Undirected;2050;0.291422874
851;985;Undirected;111;0.291343972
858;777;Undirected;2267;0.291296724
743;160;Undirected;494;0.291280712
424;283;Undirected;2074;0.291253833
1110;342;Undirected;923;0.29124921
259;616;Undirected;292;0.291233158
539;400;Undirected;710;0.291221052
288;238;Undirected;833;0.291199572
607;1069;Undirected;296;0.291187192
722;217;Undirected;1206;0.291165814
1109;578;Undirected;2438;0.291141988
491;36;Undirected;2142;0.291117062
733;537;Undirected;2450;0.291089541
622;655;Undirected;2019;0.290874758
342;1119;Undirected;1033;0.290836594
924;335;Undirected;1514;0.29075589
260;999;Undirected;1066;0.290742283
941;312;Undirected;1366;0.290740661
165;954;Undirected;1269;0.290730432
970;715;Undirected;1859;0.29072709
117;1089;Undirected;1626;0.290711196
342;149;Undirected;1466;0.290618296
1084;9;Undirected;1059;0.290606531
297;459;Undirected;1990;0.290570043
111;1057;Undirected;342;0.290538369
254;149;Undirected;1546;0.290467162
404;283;Undirected;335;0.290459468
976;272;Undirected;2391;0.290426693
634;30;Undirected;2199;0.290413178
543;226;Undirected;242;0.290299557
418;92;Undirected;2325;0.290248383
954;132;Undirected;740;0.290208818
890;1044;Undirected;1110;0.290204269
963;258;Undirected;280;0.29017992
256;966;Undirected;1550;0.290099987
1133;37;Undirected;1831;0.290042163
342;442;Undirected;45;0.290017619
1075;463;Undirected;998;0.290002254
605;806;Undirected;1287;0.290001659
34;570;Undirected;2115;0.289912306
457;407;Undirected;2188;0.289910725
619;949;Undirected;921;0.289907048
959;949;Undirected;553;0.289861343
348;301;Undirected;623;0.289856336
949;301;Undirected;2332;0.289836606
730;912;Undirected;1767;0.289818616
147;352;Undirected;1586;0.289801076
165;525;Undirected;2340;0.289745952
352;538;Undirected;303;0.289733513
1135;285;Undirected;840;0.289720093
541;925;Undirected;2176;0.289657921
288;452;Undirected;2496;0.289619375
61;19;Undirected;2261;0.289597788
689;824;Undirected;1604;0.289518638
484;670;Undirected;110;0.289509122
780;956;Undirected;1825;0.289508072
939;174;Undirected;451;0.289485868
789;752;Undirected;1696;0.289415545
1057;866;Undirected;1668;0.289409679
964;492;Undirected;1928;0.2894017
818;706;Undirected;586;0.289342749
801;196;Undirected;286;0.289319423
525;422;Undirected;257;0.289283124
737;1116;Undirected;2210;0.289251262
67;463;Undirected;893;0.289241419
123;669;Undirected;1461;0.28923371
369;266;Undirected;559;0.289212729
877;1082;Undirected;1898;0.289189597
358;705;Undirected;1630;0.289169359
890;777;Undirected;1962;0.289168466
1136;342;Undirected;2160;0.289153092
257;658;Undirected;1947;0.289151005
706;920;Undirected;1314;0.289094128
1135;206;Undirected;146;0.289089714
507;517;Undirected;2153;0.289087254
250;1007;Undirected;1046;0.289080782
630;73;Undirected;1241;0.289031084
87;579;Undirected;1439;0.289011722
417;547;Undirected;1816;0.289009062
551;326;Undirected;85;0.28898099
342;504;Undirected;32;0.288978272
238;487;Undirected;2379;0.288940953
1069;192;Undirected;1872;0.288865649
536;407;Undirected;1332;0.288862906
173;257;Undirected;2028;0.288848094
342;762;Undirected;792;0.288832083
409;786;Undirected;1319;0.288678961
290;781;Undirected;2486;0.288537021
850;894;Undirected;2337;0.288520036
152;451;Undirected;780;0.288509042
164;560;Undirected;907;0.288501418
840;497;Undirected;2117;0.28849974
649;706;Undirected;1583;0.288479575
613;342;Undirected;1507;0.288452006
161;177;Undirected;213;0.288381685
594;266;Undirected;1156;0.288356117
852;550;Undirected;856;0.288267774
247;782;Undirected;976;0.28825243
1022;726;Undirected;1841;0.28824809
1090;616;Undirected;1135;0.288243804
1082;351;Undirected;1611;0.28817655
117;162;Undirected;1480;0.288154791
24;265;Undirected;546;0.288122273
289;152;Undirected;2222;0.288097478
550;996;Undirected;1478;0.288068346
369;14;Undirected;2218;0.288043679
539;431;Undirected;2126;0.288015663
61;285;Undirected;2265;0.288003163
308;503;Undirected;319;0.287954511
544;858;Undirected;951;0.287934993
852;996;Undirected;2465;0.287928523
88;789;Undirected;1615;0.287900853
152;160;Undirected;2035;0.287854886
737;644;Undirected;195;0.287759664
402;911;Undirected;1885;0.287744534
553;309;Undirected;542;0.287653219
1014;880;Undirected;395;0.287648651
335;148;Undirected;1098;0.287577183
162;18;Undirected;2221;0.287572655
504;225;Undirected;704;0.287566982
694;175;Undirected;123;0.287548286
536;624;Undirected;339;0.28748505
33;1006;Undirected;1508;0.287449468
855;782;Undirected;2047;0.287324287
1075;131;Undirected;1553;0.287282038
813;738;Undirected;1209;0.287187311
277;949;Undirected;1682;0.287131864
1015;352;Undirected;328;0.287113572
668;1082;Undirected;28;0.287051659
681;994;Undirected;871;0.287041353
801;111;Undirected;357;0.287031562
966;1095;Undirected;1659;0.287028238
417;1057;Undirected;2365;0.287013443
465;195;Undirected;1986;0.287011752
372;698;Undirected;750;0.286996138
189;1089;Undirected;2071;0.286937616
481;553;Undirected;898;0.286792014
869;777;Undirected;770;0.286752768
670;213;Undirected;331;0.28673362
342;245;Undirected;2236;0.286716302
790;402;Undirected;202;0.286687652
455;124;Undirected;392;0.286684047
49;213;Undirected;795;0.286572109
820;971;Undirected;1280;0.286499409
832;942;Undirected;255;0.286429727
883;959;Undirected;1535;0.286406414
700;443;Undirected;1205;0.286351267
536;58;Undirected;478;0.28629969
671;517;Undirected;819;0.286258346
757;458;Undirected;273;0.286171111
574;342;Undirected;2283;0.286147771
25;461;Undirected;278;0.286102487
526;1049;Undirected;1764;0.286061491
408;545;Undirected;274;0.286037145
160;1114;Undirected;1343;0.285993421
468;390;Undirected;1138;0.285867119
840;996;Undirected;1567;0.285859924
943;521;Undirected;2186;0.28584009
942;994;Undirected;1016;0.285790806
611;237;Undirected;2262;0.285777024
463;339;Undirected;910;0.285748821
246;61;Undirected;2454;0.285741799
1117;1057;Undirected;307;0.285711019
949;925;Undirected;771;0.285670693
88;630;Undirected;1403;0.285670513
514;997;Undirected;972;0.285649259
553;265;Undirected;1703;0.285641628
537;306;Undirected;105;0.285619558
1044;824;Undirected;762;0.285589903
216;824;Undirected;1089;0.285577051
173;532;Undirected;2330;0.28540216
918;342;Undirected;362;0.28539796
691;314;Undirected;2353;0.285377246
868;144;Undirected;417;0.285349542
316;390;Undirected;2189;0.285349283
1054;559;Undirected;1017;0.285327308
1046;863;Undirected;2197;0.28532402
515;979;Undirected;1848;0.28529955
1008;694;Undirected;1121;0.285249136
557;92;Undirected;18;0.285168733
128;35;Undirected;1693;0.285079747
928;888;Undirected;1236;0.285055029
219;629;Undirected;693;0.285020663
850;32;Undirected;2052;0.285000444
744;463;Undirected;2208;0.284998206
557;285;Undirected;941;0.284979075
883;622;Undirected;447;0.284976841
335;63;Undirected;361;0.284959522
1040;705;Undirected;1690;0.284936577
1002;737;Undirected;1000;0.284915006
509;461;Undirected;1376;0.284888688
503;160;Undirected;1997;0.284875245
676;517;Undirected;1242;0.284869761
931;649;Undirected;513;0.284784001
570;293;Undirected;1974;0.284779857
790;705;Undirected;1323;0.284680357
1093;1038;Undirected;1721;0.284648303
920;214;Undirected;1425;0.284611469
706;1079;Undirected;2130;0.284610193
324;270;Undirected;934;0.28459378
201;2;Undirected;2150;0.284558924
757;550;Undirected;1656;0.284552881
883;282;Undirected;2299;0.284511469
1071;377;Undirected;1873;0.284491071
58;407;Undirected;681;0.284473894
165;41;Undirected;1035;0.284456902
721;7;Undirected;291;0.284397773
105;106;Undirected;944;0.284384458
277;619;Undirected;2224;0.284383909
1098;1057;Undirected;1561;0.284364787
89;985;Undirected;2057;0.284358698
733;572;Undirected;627;0.284327857
394;1123;Undirected;39;0.284221435
886;61;Undirected;1368;0.284150643
924;1057;Undirected;896;0.284110413
199;949;Undirected;1286;0.284099116
1052;91;Undirected;277;0.284078556
297;18;Undirected;1219;0.283964905
383;428;Undirected;1992;0.283946266
165;63;Undirected;1631;0.283941223
777;797;Undirected;2137;0.283913956
196;111;Undirected;895;0.283901892
921;637;Undirected;1297;0.283901646
801;335;Undirected;2252;0.283861122
87;1095;Undirected;1379;0.283840209
41;422;Undirected;768;0.28379905
402;793;Undirected;773;0.283730007
521;742;Undirected;1642;0.283701792
335;977;Undirected;2192;0.283592929
1006;283;Undirected;2418;0.28357369
148;1010;Undirected;80;0.283566991
402;342;Undirected;759;0.283560153
924;801;Undirected;311;0.283464264
88;616;Undirected;2389;0.28346426
1093;818;Undirected;1283;0.283379819
402;489;Undirected;1699;0.283369329
947;133;Undirected;929;0.283331009
1007;160;Undirected;1973;0.283298067
402;418;Undirected;113;0.283288534
957;378;Undirected;2373;0.283277403
249;1031;Undirected;1957;0.283272016
541;277;Undirected;903;0.283263464
32;717;Undirected;1833;0.283251615
1075;744;Undirected;1194;0.283160021
289;122;Undirected;1555;0.283090452
576;131;Undirected;2100;0.28301435
1002;160;Undirected;1067;0.282995779
737;46;Undirected;59;0.282968495
254;804;Undirected;549;0.282954105
825;949;Undirected;1100;0.282952722
400;277;Undirected;1994;0.28294169
261;422;Undirected;1456;0.282918707
964;174;Undirected;866;0.282858558
830;216;Undirected;1927;0.282789061
818;143;Undirected;299;0.282734039
550;458;Undirected;167;0.282712611
250;134;Undirected;2014;0.282682309
402;358;Undirected;712;0.282667953
1012;265;Undirected;502;0.282570463
582;637;Undirected;1763;0.282550707
551;834;Undirected;1796;0.282523259
35;1082;Undirected;791;0.282484528
1030;503;Undirected;863;0.282473945
400;619;Undirected;1473;0.282362415
907;979;Undirected;1843;0.282342867
737;569;Undirected;2175;0.282308857
747;1057;Undirected;1540;0.282251952
152;466;Undirected;448;0.282240903
317;593;Undirected;446;0.282233538
840;572;Undirected;1266;0.282204563
553;1114;Undirected;1044;0.282190608
571;123;Undirected;406;0.282188478
1079;43;Undirected;1001;0.282131029
202;369;Undirected;1818;0.282101424
679;4;Undirected;1707;0.282041887
521;82;Undirected;2220;0.282040089
940;636;Undirected;467;0.282026103
850;717;Undirected;1708;0.281992818
62;4;Undirected;1942;0.281966698
196;341;Undirected;2500;0.281925241
622;959;Undirected;145;0.281807153
240;818;Undirected;2009;0.28178975
1061;22;Undirected;1980;0.281759338
665;213;Undirected;1048;0.281755952
569;316;Undirected;2485;0.281725765
312;177;Undirected;1593;0.281722227
711;1049;Undirected;1437;0.281713598
607;670;Undirected;1288;0.281669266
1126;949;Undirected;652;0.281548994
681;428;Undirected;758;0.281501459
1110;717;Undirected;2412;0.281493375
977;599;Undirected;1155;0.281466066
253;1065;Undirected;2061;0.281456312
990;165;Undirected;469;0.28142564
602;813;Undirected;2419;0.281405356
1077;1135;Undirected;44;0.281401624
605;864;Undirected;2128;0.281373864
629;313;Undirected;356;0.281371221
233;222;Undirected;1218;0.281305061
706;724;Undirected;500;0.2812601
160;309;Undirected;2477;0.281258068
319;890;Undirected;2155;0.281230575
62;37;Undirected;2432;0.281189514
269;761;Undirected;2309;0.281128976
1069;670;Undirected;2131;0.281083027
737;693;Undirected;1028;0.281049162
825;43;Undirected;519;0.280986799
191;1090;Undirected;183;0.280978176
292;225;Undirected;1446;0.280977818
1054;793;Undirected;798;0.280949353
851;55;Undirected;986;0.280941633
926;55;Undirected;1522;0.280843772
463;170;Undirected;358;0.280801316
712;935;Undirected;1673;0.280787228
67;131;Undirected;1559;0.28071024
1116;46;Undirected;1771;0.280701145
860;887;Undirected;215;0.280656473
1012;542;Undirected;1951;0.280604204
402;72;Undirected;1944;0.280600858
673;28;Undirected;2413;0.280594397
129;160;Undirected;1706;0.280565838
175;900;Undirected;1779;0.280540933
1076;942;Undirected;1416;0.280521824
680;653;Undirected;536;0.280506688
374;812;Undirected;990;0.280502233
611;885;Undirected;1575;0.280418503
387;502;Undirected;635;0.280407268
551;1090;Undirected;1906;0.280371977
1000;1049;Undirected;2015;0.280306003
377;705;Undirected;1149;0.280300199
148;858;Undirected;2092;0.28026838
985;926;Undirected;2305;0.280167338
767;314;Undirected;969;0.280132722
840;458;Undirected;396;0.280124545
801;1117;Undirected;218;0.280101508
1075;67;Undirected;2505;0.280030308
164;711;Undirected;648;0.279985185
962;1057;Undirected;978;0.279983663
88;773;Undirected;1484;0.279958131
916;435;Undirected;2346;0.279952313
162;879;Undirected;799;0.279928046
285;72;Undirected;1702;0.279923614
677;213;Undirected;239;0.279907885
362;165;Undirected;2064;0.279905853
207;836;Undirected;620;0.279889825
308;129;Undirected;2036;0.279849343
128;629;Undirected;855;0.279822065
1024;111;Undirected;733;0.279810366
270;949;Undirected;370;0.279807244
199;818;Undirected;325;0.279802482
789;637;Undirected;1853;0.279792766
1031;170;Undirected;333;0.279790192
630;443;Undirected;1766;0.279757987
510;1057;Undirected;947;0.279718717
693;46;Undirected;1520;0.279718478
1127;292;Undirected;1525;0.279688249
1012;743;Undirected;1351;0.279648028
764;45;Undirected;495;0.279646768
803;366;Undirected;1380;0.279500197
231;256;Undirected;1679;0.27944783
822;282;Undirected;2010;0.279370304
32;342;Undirected;1228;0.279360608
542;940;Undirected;613;0.279353317
834;348;Undirected;730;0.279344056
22;673;Undirected;1828;0.279249774
183;544;Undirected;2489;0.279209753
852;458;Undirected;413;0.279168719
885;203;Undirected;8;0.279104817
68;290;Undirected;1819;0.279083641
817;439;Undirected;334;0.279056385
783;718;Undirected;2355;0.278955232
196;587;Undirected;262;0.278942497
1008;33;Undirected;1661;0.278915877
231;966;Undirected;2179;0.278898287
404;1022;Undirected;1788;0.27889131
79;1008;Undirected;1360;0.278885016
783;160;Undirected;1447;0.278822888
90;257;Undirected;2417;0.278674464
374;426;Undirected;1531;0.27865425
1085;58;Undirected;1743;0.278639808
79;636;Undirected;1250;0.278639288
840;878;Undirected;1991;0.278554813
678;217;Undirected;1639;0.278531156
1128;185;Undirected;1119;0.278340952
544;942;Undirected;2473;0.278307308
883;925;Undirected;1781;0.278300255
395;699;Undirected;2114;0.278127551
1098;587;Undirected;1556;0.278041566
677;591;Undirected;992;0.278033095
90;819;Undirected;739;0.278003952
319;1044;Undirected;1852;0.277997588
543;579;Undirected;1094;0.277956147
160;451;Undirected;2213;0.277888481
894;342;Undirected;1538;0.277857071
977;284;Undirected;1725;0.277712348
817;704;Undirected;2387;0.277619716
474;1107;Undirected;2442;0.277591952
259;348;Undirected;1627;0.277540889
681;1109;Undirected;2378;0.277505884
526;844;Undirected;1257;0.277481463
40;237;Undirected;761;0.277463111
1024;196;Undirected;2080;0.277445865
150;131;Undirected;2357;0.277403045
1031;1047;Undirected;1549;0.277378266
869;797;Undirected;207;0.277305406
128;313;Undirected;409;0.27730457
1002;591;Undirected;164;0.277192636
1031;425;Undirected;784;0.277145347
64;977;Undirected;617;0.277137705
941;177;Undirected;1249;0.277100743
722;207;Undirected;686;0.277076622
146;130;Undirected;570;0.277003269
225;879;Undirected;909;0.276977843
1082;1033;Undirected;2399;0.276964928
940;265;Undirected;601;0.276953856
342;804;Undirected;1214;0.276948363
777;185;Undirected;1392;0.276926358
766;1012;Undirected;1605;0.276910487
981;543;Undirected;1225;0.276898594
602;738;Undirected;1191;0.27688826
377;856;Undirected;1440;0.27685471
342;1103;Undirected;387;0.276818111
487;213;Undirected;813;0.276678277
655;949;Undirected;1160;0.276525654
1107;203;Undirected;1521;0.276523005
816;1042;Undirected;188;0.276514235
276;59;Undirected;1051;0.276511561
41;525;Undirected;2133;0.276471361
944;955;Undirected;2164;0.276420128
808;593;Undirected;1714;0.276391834
1015;594;Undirected;912;0.276382655
959;925;Undirected;1381;0.276345598
668;57;Undirected;1629;0.276313885
747;341;Undirected;631;0.276312876
644;342;Undirected;2320;0.276260518
970;282;Undirected;933;0.276238149
668;653;Undirected;576;0.276215227
631;857;Undirected;229;0.27620104
889;286;Undirected;614;0.27619793
676;1006;Undirected;842;0.276143047
706;825;Undirected;2461;0.276106553
1085;1031;Undirected;556;0.276083172
148;977;Undirected;203;0.276076999
1077;336;Undirected;1362;0.276032707
503;61;Undirected;875;0.276030496
66;616;Undirected;216;0.275990938
1079;654;Undirected;2296;0.275986304
997;824;Undirected;1663;0.275906523
571;818;Undirected;837;0.275879848
1038;706;Undirected;241;0.275807884
668;133;Undirected;2127;0.275789271
569;487;Undirected;1023;0.275722701
265;1114;Undirected;2303;0.275684615
733;306;Undirected;1581;0.275586724
894;643;Undirected;525;0.275531512
34;293;Undirected;1817;0.275487749
541;324;Undirected;1003;0.275373758
253;1095;Undirected;1601;0.275344851
1024;510;Undirected;63;0.275324777
634;225;Undirected;89;0.275304815
290;888;Undirected;575;0.275294194
852;705;Undirected;1931;0.275154823
863;302;Undirected;1213;0.275120447
840;550;Undirected;736;0.275100446
960;769;Undirected;1211;0.275079883
508;152;Undirected;1278;0.275058365
148;342;Undirected;796;0.275020069
678;592;Undirected;2444;0.274986086
852;878;Undirected;1734;0.274903612
916;861;Undirected;1237;0.274894756
317;177;Undirected;1874;0.27484951
69;588;Undirected;624;0.274799225
428;346;Undirected;766;0.274722767
849;61;Undirected;724;0.27454827
840;285;Undirected;2075;0.274547405
775;1135;Undirected;2171;0.274498797
817;216;Undirected;905;0.274469882
572;497;Undirected;254;0.274466529
747;587;Undirected;266;0.274392823
308;160;Undirected;1862;0.274377379
219;313;Undirected;804;0.274339146
940;409;Undirected;694;0.274316366
844;974;Undirected;1672;0.274238238
521;724;Undirected;2453;0.274173373
1043;705;Undirected;1533;0.27411889
61;532;Undirected;79;0.274096139
68;392;Undirected;1753;0.274087531
940;786;Undirected;2134;0.274086546
10;1037;Undirected;1458;0.273991581
62;974;Undirected;2103;0.273965637
569;1088;Undirected;1196;0.273945082
88;706;Undirected;2003;0.273918295
507;671;Undirected;1130;0.273872217
607;192;Undirected;2041;0.273846895
680;180;Undirected;579;0.273797975
630;462;Undirected;443;0.273732066
428;838;Undirected;1513;0.273703852
201;705;Undirected;1495;0.273695675
1109;838;Undirected;1677;0.273692103
1008;786;Undirected;78;0.273677464
539;970;Undirected;864;0.273642725
152;1049;Undirected;1056;0.27362135
977;552;Undirected;43;0.273617762
733;878;Undirected;543;0.273616773
325;174;Undirected;2139;0.273570087
1109;428;Undirected;2043;0.273559111
1090;949;Undirected;1952;0.273546643
840;757;Undirected;2358;0.273526905
694;73;Undirected;924;0.273367284
1126;959;Undirected;283;0.273330407
982;285;Undirected;377;0.27330808
308;795;Undirected;493;0.27327905
853;162;Undirected;2051;0.273255688
384;825;Undirected;1080;0.273225535
436;369;Undirected;2190;0.273203056
1012;657;Undirected;1836;0.273155391
342;285;Undirected;2349;0.273148657
680;244;Undirected;1445;0.273123754
417;395;Undirected;2290;0.2731216
35;61;Undirected;1117;0.273116395
859;999;Undirected;2405;0.273105957
1075;150;Undirected;2238;0.273073814
169;455;Undirected;932;0.273015618
1093;931;Undirected;2498;0.272965633
1107;637;Undirected;1876;0.272930892
310;91;Undirected;1840;0.27283961
1126;622;Undirected;96;0.272800053
321;429;Undirected;857;0.272666969
1121;245;Undirected;1345;0.272624807
801;770;Undirected;1537;0.272605066
369;147;Undirected;861;0.272541998
959;655;Undirected;1622;0.27252437
15;920;Undirected;551;0.272464874
731;303;Undirected;1154;0.272462326
717;120;Undirected;140;0.272430935
960;272;Undirected;2125;0.272429961
777;75;Undirected;165;0.272401967
262;653;Undirected;1625;0.272308736
840;263;Undirected;2227;0.272299515
72;1010;Undirected;2452;0.272294053
233;724;Undirected;2344;0.272262676
335;1057;Undirected;2085;0.272233437
889;593;Undirected;1511;0.27221895
226;1095;Undirected;249;0.272209623
574;850;Undirected;125;0.27217709
1075;281;Undirected;1457;0.272107543
574;32;Undirected;884;0.272064669
395;705;Undirected;1756;0.272060657
362;818;Undirected;455;0.272052868
386;657;Undirected;603;0.272042848
722;214;Undirected;1712;0.272040162
949;431;Undirected;588;0.272006513
578;407;Undirected;1355;0.272005401
600;72;Undirected;2273;0.27196477
541;431;Undirected;1911;0.271894365
911;705;Undirected;1782;0.271888271
428;204;Undirected;880;0.271825153
840;674;Undirected;1811;0.271774284
977;285;Undirected;1305;0.271761505
233;931;Undirected;1915;0.271761409
395;63;Undirected;794;0.271689086
183;942;Undirected;1624;0.27163821
990;335;Undirected;1010;0.271619804
1012;788;Undirected;1018;0.271616504
463;131;Undirected;92;0.271598603
255;390;Undirected;1499;0.271450826
797;824;Undirected;1832;0.271343834
849;532;Undirected;225;0.271243087
1094;123;Undirected;327;0.271236936
279;258;Undirected;1594;0.271186559
931;818;Undirected;1339;0.27118265
317;889;Undirected;1009;0.271181656
689;890;Undirected;297;0.271176977
124;311;Undirected;2185;0.271173751
148;600;Undirected;577;0.271105534
744;150;Undirected;279;0.271105216
977;617;Undirected;138;0.271066834
970;324;Undirected;1367;0.271033446
